"gene_upper","n_datasets","datasets","mean_log2FC","max_log2FC","min_padj","confidence_tier"
"S100A11",3,"GSE227651, GSE244576, GSE250597",0.89,1.098,0,"Tier1_3+datasets"
"SPP1",2,"GSE227651, GSE244576",3.44,3.63,0,"Tier2_2datasets"
"TYROBP",2,"GSE244576, GSE310324",2.478,4.183,0.002956,"Tier2_2datasets"
"COL5A3",2,"GSE244576, GSE250597",2.457,4.216,0,"Tier2_2datasets"
"GM26917",2,"GSE244576, GSE250597",1.583,2.359,0,"Tier2_2datasets"
"LGALS1",2,"GSE244576, GSE250597",1.54,2.161,0,"Tier2_2datasets"
"OSMR",2,"GSE227651, GSE244576",1.378,1.879,0,"Tier2_2datasets"
"VIM",2,"GSE244576, GSE250597",1.301,1.514,0,"Tier2_2datasets"
"PLAT",2,"GSE227651, GSE244576",1.032,1.518,0,"Tier2_2datasets"
"TIMP3",2,"GSE227651, GSE244576",0.8,1.046,0,"Tier2_2datasets"
"TNC",1,"GSE244576",10.107,10.107,0,"Tier3_1dataset"
"HMGA2",1,"GSE244576",9.145,9.145,0,"Tier3_1dataset"
"SERPINE1",1,"GSE244576",8.534,8.534,0,"Tier3_1dataset"
"8030451A03RIK",1,"GSE244576",8.388,8.388,0,"Tier3_1dataset"
"CXCL1",1,"GSE244576",8.102,8.102,0,"Tier3_1dataset"
"CD44",1,"GSE244576",7.672,7.672,0,"Tier3_1dataset"
"IL6",1,"GSE244576",7.586,7.586,9e-06,"Tier3_1dataset"
"LCN2",1,"GSE244576",7.3,7.3,0,"Tier3_1dataset"
"SERPINA3N",1,"GSE244576",7.17,7.17,0,"Tier3_1dataset"
"SOCS3",1,"GSE244576",7.137,7.137,0,"Tier3_1dataset"
"LRG1",1,"GSE244576",7.101,7.101,2e-06,"Tier3_1dataset"
"SPHK1",1,"GSE244576",6.779,6.779,1.6e-05,"Tier3_1dataset"
"ELF4",1,"GSE244576",6.75,6.75,1e-06,"Tier3_1dataset"
"TIMP1",1,"GSE244576",6.714,6.714,1e-06,"Tier3_1dataset"
"PABPC1L",1,"GSE244576",6.708,6.708,5e-06,"Tier3_1dataset"
"JAML",1,"GSE244576",6.618,6.618,0.000135,"Tier3_1dataset"
"ZWILCH",1,"GSE244576",6.371,6.371,0.004818,"Tier3_1dataset"
"IL11",1,"GSE244576",6.262,6.262,0,"Tier3_1dataset"
"MMS22L",1,"GSE244576",6.244,6.244,0.001101,"Tier3_1dataset"
"ITGA5",1,"GSE244576",5.779,5.779,0,"Tier3_1dataset"
"ZC3H12A",1,"GSE244576",5.48,5.48,0.000483,"Tier3_1dataset"
"POLN",1,"GSE244576",5.347,5.347,1e-06,"Tier3_1dataset"
"TEAD3",1,"GSE244576",5.186,5.186,8e-06,"Tier3_1dataset"
"NGF",1,"GSE244576",5.157,5.157,0,"Tier3_1dataset"
"SH2D4B",1,"GSE244576",5.071,5.071,0.015256,"Tier3_1dataset"
"GLIPR2",1,"GSE244576",5.054,5.054,0.011181,"Tier3_1dataset"
"PLAUR",1,"GSE244576",4.822,4.822,0,"Tier3_1dataset"
"CH25H",1,"GSE244576",4.793,4.793,0.018382,"Tier3_1dataset"
"HHIPL1",1,"GSE244576",4.459,4.459,0.006758,"Tier3_1dataset"
"BMP1",1,"GSE244576",4.43,4.43,0,"Tier3_1dataset"
"ADAMTS12",1,"GSE244576",4.39,4.39,0,"Tier3_1dataset"
"CAPG",1,"GSE244576",4.378,4.378,0.000161,"Tier3_1dataset"
"ITGB3",1,"GSE244576",4.351,4.351,0.000763,"Tier3_1dataset"
"PIEZO2",1,"GSE244576",4.304,4.304,0,"Tier3_1dataset"
"SLC39A14",1,"GSE244576",4.227,4.227,0,"Tier3_1dataset"
"RUNX1",1,"GSE244576",4.21,4.21,0,"Tier3_1dataset"
"TBXAS1",1,"GSE244576",4.104,4.104,0.002598,"Tier3_1dataset"
"DBT",1,"GSE244576",4.096,4.096,0.012719,"Tier3_1dataset"
"CTLA2A",1,"GSE244576",4.068,4.068,0,"Tier3_1dataset"
"SBNO2",1,"GSE244576",4.064,4.064,0,"Tier3_1dataset"
"ADAMTS6",1,"GSE244576",4.048,4.048,0,"Tier3_1dataset"
"CCL2",1,"GSE244576",4.045,4.045,1e-06,"Tier3_1dataset"
"TUBB6",1,"GSE244576",4.028,4.028,0.00016,"Tier3_1dataset"
"NECTIN2",1,"GSE244576",4.022,4.022,0.045752,"Tier3_1dataset"
"FGF2",1,"GSE244576",4.001,4.001,0,"Tier3_1dataset"
"ADAMTS4",1,"GSE244576",3.992,3.992,0,"Tier3_1dataset"
"PYCARD",1,"GSE244576",3.959,3.959,0,"Tier3_1dataset"
"FAM111A",1,"GSE244576",3.954,3.954,0.001287,"Tier3_1dataset"
"MTA1",1,"GSE244576",3.937,3.937,7e-06,"Tier3_1dataset"
"S100A6",1,"GSE244576",3.915,3.915,0,"Tier3_1dataset"
"TRPC6",1,"GSE244576",3.89,3.89,0,"Tier3_1dataset"
"LOXL1",1,"GSE244576",3.888,3.888,0.001076,"Tier3_1dataset"
"TIMELESS",1,"GSE244576",3.843,3.843,0.001251,"Tier3_1dataset"
"IL17RA",1,"GSE244576",3.84,3.84,0,"Tier3_1dataset"
"IGFBP3",1,"GSE244576",3.831,3.831,0,"Tier3_1dataset"
"MTBP",1,"GSE244576",3.76,3.76,0.003838,"Tier3_1dataset"
"CTSS",1,"GSE244576",3.712,3.712,0.005185,"Tier3_1dataset"
"GFAP",1,"GSE244576",3.7,3.7,0,"Tier3_1dataset"
"FBLN2",1,"GSE244576",3.637,3.637,0,"Tier3_1dataset"
"PXDC1",1,"GSE244576",3.62,3.62,2e-06,"Tier3_1dataset"
"LMNB1",1,"GSE244576",3.615,3.615,0.004182,"Tier3_1dataset"
"SLC41A2",1,"GSE244576",3.579,3.579,9e-06,"Tier3_1dataset"
"EDNRB",1,"GSE244576",3.549,3.549,0,"Tier3_1dataset"
"CASP8",1,"GSE244576",3.543,3.543,0,"Tier3_1dataset"
"NDOR1",1,"GSE244576",3.509,3.509,3.4e-05,"Tier3_1dataset"
"MAP2K3",1,"GSE244576",3.502,3.502,0,"Tier3_1dataset"
"ZFP52",1,"GSE244576",3.472,3.472,0,"Tier3_1dataset"
"TAF8",1,"GSE244576",3.468,3.468,0.033545,"Tier3_1dataset"
"GM22146",1,"GSE244576",3.454,3.454,0.000585,"Tier3_1dataset"
"FKBP5",1,"GSE244576",3.451,3.451,0,"Tier3_1dataset"
"ADAMTS9",1,"GSE244576",3.441,3.441,0,"Tier3_1dataset"
"MT2",1,"GSE244576",3.429,3.429,0,"Tier3_1dataset"
"ADAMTS2",1,"GSE244576",3.424,3.424,0.003522,"Tier3_1dataset"
"CCN2",1,"GSE244576",3.405,3.405,3.4e-05,"Tier3_1dataset"
"GM48293",1,"GSE244576",3.314,3.314,4.9e-05,"Tier3_1dataset"
"TSPAN4",1,"GSE244576",3.309,3.309,0,"Tier3_1dataset"
"NMNAT3",1,"GSE244576",3.302,3.302,1.9e-05,"Tier3_1dataset"
"ZYX",1,"GSE244576",3.291,3.291,2e-06,"Tier3_1dataset"
"SPRED3",1,"GSE244576",3.286,3.286,1e-06,"Tier3_1dataset"
"TGIF1",1,"GSE244576",3.27,3.27,4.6e-05,"Tier3_1dataset"
"HELLS",1,"GSE244576",3.264,3.264,0.048856,"Tier3_1dataset"
"1700109H08RIK",1,"GSE244576",3.229,3.229,0.000207,"Tier3_1dataset"
"SPSB1",1,"GSE244576",3.175,3.175,0,"Tier3_1dataset"
"VWF",1,"GSE244576",3.17,3.17,4.6e-05,"Tier3_1dataset"
"CDH6",1,"GSE244576",3.159,3.159,0,"Tier3_1dataset"
"C1QC",1,"GSE244576",3.129,3.129,0.000113,"Tier3_1dataset"
"CFAP69",1,"GSE244576",3.122,3.122,0,"Tier3_1dataset"
"MAP3K6",1,"GSE244576",3.11,3.11,0,"Tier3_1dataset"
"SLC6A20B",1,"GSE244576",3.105,3.105,0,"Tier3_1dataset"
"CDC14B",1,"GSE244576",3.084,3.084,0,"Tier3_1dataset"
"ADAMTS1",1,"GSE244576",3.078,3.078,0,"Tier3_1dataset"
"IRAK3",1,"GSE244576",3.072,3.072,0,"Tier3_1dataset"
"0610040J01RIK",1,"GSE244576",3.062,3.062,0.000136,"Tier3_1dataset"
"MCAM",1,"GSE244576",3.061,3.061,0,"Tier3_1dataset"
"SEPT9",1,"GSE244576",3.051,3.051,0,"Tier3_1dataset"
"COL18A1",1,"GSE244576",3.045,3.045,0,"Tier3_1dataset"
"IL1R1",1,"GSE244576",3.043,3.043,0,"Tier3_1dataset"
"TTC38",1,"GSE244576",3.033,3.033,6.2e-05,"Tier3_1dataset"
"IL4RA",1,"GSE244576",3.021,3.021,9e-06,"Tier3_1dataset"
"PLIN2",1,"GSE244576",3.01,3.01,0,"Tier3_1dataset"
"POR",1,"GSE244576",3.004,3.004,0,"Tier3_1dataset"
"AI506816",1,"GSE244576",2.996,2.996,0.011397,"Tier3_1dataset"
"ODC1",1,"GSE244576",2.966,2.966,0,"Tier3_1dataset"
"MYOF",1,"GSE244576",2.959,2.959,0,"Tier3_1dataset"
"CNDP2",1,"GSE244576",2.949,2.949,0.000107,"Tier3_1dataset"
"NOX4",1,"GSE244576",2.947,2.947,0.000487,"Tier3_1dataset"
"CYP1B1",1,"GSE244576",2.889,2.889,4.1e-05,"Tier3_1dataset"
"TRIB1",1,"GSE244576",2.887,2.887,0.004218,"Tier3_1dataset"
"IFI204",1,"GSE244576",2.868,2.868,1.4e-05,"Tier3_1dataset"
"E2F3",1,"GSE244576",2.86,2.86,0,"Tier3_1dataset"
"MIR22HG",1,"GSE244576",2.851,2.851,0,"Tier3_1dataset"
"SEMA4C",1,"GSE244576",2.834,2.834,0,"Tier3_1dataset"
"RAD51B",1,"GSE244576",2.828,2.828,0.028539,"Tier3_1dataset"
"PTGES",1,"GSE244576",2.82,2.82,0.000615,"Tier3_1dataset"
"TRAF3",1,"GSE244576",2.804,2.804,0,"Tier3_1dataset"
"LAMB1",1,"GSE244576",2.801,2.801,0,"Tier3_1dataset"
"RASA3",1,"GSE244576",2.801,2.801,0,"Tier3_1dataset"
"PER2",1,"GSE244576",2.782,2.782,0,"Tier3_1dataset"
"H6PD",1,"GSE244576",2.77,2.77,0,"Tier3_1dataset"
"AEBP1",1,"GSE244576",2.766,2.766,0,"Tier3_1dataset"
"MORRBID",1,"GSE244576",2.764,2.764,0,"Tier3_1dataset"
"NLRC3",1,"GSE244576",2.763,2.763,0.009016,"Tier3_1dataset"
"SLC35F5",1,"GSE244576",2.753,2.753,3.7e-05,"Tier3_1dataset"
"UST",1,"GSE244576",2.747,2.747,0,"Tier3_1dataset"
"ANGPT2",1,"GSE244576",2.737,2.737,3.5e-05,"Tier3_1dataset"
"POLA2",1,"GSE244576",2.729,2.729,0.002447,"Tier3_1dataset"
"FGD1",1,"GSE244576",2.724,2.724,0.02475,"Tier3_1dataset"
"1600020E01RIK",1,"GSE244576",2.721,2.721,0,"Tier3_1dataset"
"FHL2",1,"GSE244576",2.712,2.712,0,"Tier3_1dataset"
"PRRX1",1,"GSE244576",2.702,2.702,0,"Tier3_1dataset"
"STC1",1,"GSE244576",2.693,2.693,0,"Tier3_1dataset"
"RDH10",1,"GSE244576",2.648,2.648,0,"Tier3_1dataset"
"TMEM252",1,"GSE244576",2.642,2.642,0,"Tier3_1dataset"
"NID2",1,"GSE244576",2.641,2.641,0.001191,"Tier3_1dataset"
"CSGALNACT1",1,"GSE244576",2.619,2.619,0,"Tier3_1dataset"
"MTHFR",1,"GSE244576",2.614,2.614,0.00613,"Tier3_1dataset"
"COL7A1",1,"GSE244576",2.611,2.611,0.009435,"Tier3_1dataset"
"IL1RL2",1,"GSE244576",2.61,2.61,1.4e-05,"Tier3_1dataset"
"PGM2",1,"GSE244576",2.608,2.608,0,"Tier3_1dataset"
"FAM102B",1,"GSE244576",2.599,2.599,0.001101,"Tier3_1dataset"
"PPARA",1,"GSE244576",2.596,2.596,0.003174,"Tier3_1dataset"
"MT1",1,"GSE244576",2.594,2.594,0,"Tier3_1dataset"
"CDK2",1,"GSE244576",2.586,2.586,0.034232,"Tier3_1dataset"
"RAD18",1,"GSE244576",2.584,2.584,0,"Tier3_1dataset"
"ATP8B1",1,"GSE244576",2.571,2.571,0,"Tier3_1dataset"
"SLC12A4",1,"GSE244576",2.561,2.561,2e-05,"Tier3_1dataset"
"BIRC3",1,"GSE244576",2.559,2.559,0,"Tier3_1dataset"
"GM43660",1,"GSE244576",2.548,2.548,0.032451,"Tier3_1dataset"
"HELB",1,"GSE244576",2.541,2.541,0.005635,"Tier3_1dataset"
"TLR4",1,"GSE244576",2.522,2.522,3e-06,"Tier3_1dataset"
"TSPAN14",1,"GSE244576",2.522,2.522,0,"Tier3_1dataset"
"GLIS3",1,"GSE244576",2.507,2.507,0,"Tier3_1dataset"
"TMEM19",1,"GSE244576",2.485,2.485,0.01986,"Tier3_1dataset"
"ELL",1,"GSE244576",2.484,2.484,0,"Tier3_1dataset"
"ADAM19",1,"GSE244576",2.474,2.474,0,"Tier3_1dataset"
"FKBP10",1,"GSE244576",2.473,2.473,0.00152,"Tier3_1dataset"
"RTTN",1,"GSE244576",2.461,2.461,1e-06,"Tier3_1dataset"
"TUBA1C",1,"GSE244576",2.447,2.447,0.010562,"Tier3_1dataset"
"VWA5A",1,"GSE244576",2.447,2.447,0.000461,"Tier3_1dataset"
"C1QA",1,"GSE244576",2.428,2.428,0.00091,"Tier3_1dataset"
"ITPKC",1,"GSE244576",2.428,2.428,0.00238,"Tier3_1dataset"
"CFH",1,"GSE244576",2.415,2.415,0,"Tier3_1dataset"
"NECTIN1",1,"GSE244576",2.406,2.406,0,"Tier3_1dataset"
"IFNGR2",1,"GSE244576",2.405,2.405,3.3e-05,"Tier3_1dataset"
"COQ8B",1,"GSE244576",2.4,2.4,4e-06,"Tier3_1dataset"
"POLR3C",1,"GSE244576",2.393,2.393,4.7e-05,"Tier3_1dataset"
"RHOJ",1,"GSE244576",2.387,2.387,0,"Tier3_1dataset"
"NLN",1,"GSE244576",2.379,2.379,0.001524,"Tier3_1dataset"
"GAB2",1,"GSE244576",2.365,2.365,0,"Tier3_1dataset"
"ZGRF1",1,"GSE244576",2.355,2.355,0.001526,"Tier3_1dataset"
"ZFP217",1,"GSE244576",2.322,2.322,0.007474,"Tier3_1dataset"
"FAM129B",1,"GSE244576",2.315,2.315,0,"Tier3_1dataset"
"TRAM2",1,"GSE244576",2.309,2.309,0,"Tier3_1dataset"
"PRKCD",1,"GSE244576",2.3,2.3,0.009113,"Tier3_1dataset"
"SRGAP1",1,"GSE244576",2.294,2.294,0,"Tier3_1dataset"
"PRIM2",1,"GSE244576",2.288,2.288,4.5e-05,"Tier3_1dataset"
"DBN1",1,"GSE244576",2.283,2.283,0,"Tier3_1dataset"
"LARP1B",1,"GSE244576",2.278,2.278,0.000106,"Tier3_1dataset"
"FOSL2",1,"GSE244576",2.271,2.271,0,"Tier3_1dataset"
"DDX19B",1,"GSE244576",2.261,2.261,0.006225,"Tier3_1dataset"
"CDR2L",1,"GSE244576",2.253,2.253,8e-06,"Tier3_1dataset"
"MAPK12",1,"GSE244576",2.247,2.247,0.003927,"Tier3_1dataset"
"TNFRSF1A",1,"GSE244576",2.246,2.246,9e-06,"Tier3_1dataset"
"CLMP",1,"GSE244576",2.245,2.245,0,"Tier3_1dataset"
"TGFB1",1,"GSE244576",2.239,2.239,0,"Tier3_1dataset"
"MT-ATP8",1,"GSE244576",2.235,2.235,0.007556,"Tier3_1dataset"
"GM13684",1,"GSE244576",2.234,2.234,0,"Tier3_1dataset"
"POLA1",1,"GSE244576",2.23,2.23,0,"Tier3_1dataset"
"TLN2",1,"GSE244576",2.222,2.222,0,"Tier3_1dataset"
"RLIM",1,"GSE244576",2.218,2.218,0,"Tier3_1dataset"
"PAWR",1,"GSE244576",2.213,2.213,3e-06,"Tier3_1dataset"
"B4GALT1",1,"GSE244576",2.212,2.212,3e-06,"Tier3_1dataset"
"MTHFD1L",1,"GSE244576",2.205,2.205,0,"Tier3_1dataset"
"PLEKHA3",1,"GSE244576",2.199,2.199,5.5e-05,"Tier3_1dataset"
"COL23A1",1,"GSE244576",2.196,2.196,1e-06,"Tier3_1dataset"
"FBLIM1",1,"GSE244576",2.195,2.195,0,"Tier3_1dataset"
"9630014M24RIK",1,"GSE244576",2.188,2.188,0,"Tier3_1dataset"
"GM49708",1,"GSE244576",2.18,2.18,0,"Tier3_1dataset"
"RALB",1,"GSE244576",2.178,2.178,0,"Tier3_1dataset"
"CRY1",1,"GSE244576",2.177,2.177,6.8e-05,"Tier3_1dataset"
"ANXA2",1,"GSE244576",2.171,2.171,0,"Tier3_1dataset"
"LCP2",1,"GSE244576",2.163,2.163,0.006554,"Tier3_1dataset"
"BCL3",1,"GSE244576",2.161,2.161,0.017606,"Tier3_1dataset"
"RIPK1",1,"GSE244576",2.158,2.158,1.5e-05,"Tier3_1dataset"
"COL4A4",1,"GSE244576",2.151,2.151,0.000493,"Tier3_1dataset"
"TEAD4",1,"GSE244576",2.144,2.144,0,"Tier3_1dataset"
"COL8A1",1,"GSE244576",2.14,2.14,0.007032,"Tier3_1dataset"
"TCIRG1",1,"GSE244576",2.137,2.137,0.01469,"Tier3_1dataset"
"QSOX1",1,"GSE244576",2.136,2.136,5e-06,"Tier3_1dataset"
"MT-ND5",1,"GSE244576",2.132,2.132,0,"Tier3_1dataset"
"PGS1",1,"GSE244576",2.13,2.13,0,"Tier3_1dataset"
"ERN1",1,"GSE244576",2.127,2.127,0,"Tier3_1dataset"
"MAN1C1",1,"GSE244576",2.123,2.123,0,"Tier3_1dataset"
"ENTPD7",1,"GSE244576",2.122,2.122,0.04033,"Tier3_1dataset"
"SDC4",1,"GSE244576",2.111,2.111,7e-06,"Tier3_1dataset"
"MAPKAPK2",1,"GSE244576",2.104,2.104,0,"Tier3_1dataset"
"DCBLD2",1,"GSE244576",2.095,2.095,0,"Tier3_1dataset"
"ECSCR",1,"GSE244576",2.094,2.094,0.000756,"Tier3_1dataset"
"STIMATE",1,"GSE244576",2.093,2.093,0.000316,"Tier3_1dataset"
"SIPA1L2",1,"GSE244576",2.092,2.092,0,"Tier3_1dataset"
"RELB",1,"GSE244576",2.09,2.09,0,"Tier3_1dataset"
"CIAPIN1",1,"GSE244576",2.088,2.088,0.000802,"Tier3_1dataset"
"TBC1D2B",1,"GSE244576",2.086,2.086,0.00025,"Tier3_1dataset"
"UTP20",1,"GSE244576",2.086,2.086,0.002129,"Tier3_1dataset"
"TRP53INP1",1,"GSE227651",2.08,2.08,0.005953,"Tier3_1dataset"
"TBL1XR1",1,"GSE244576",2.078,2.078,0,"Tier3_1dataset"
"ACTN1",1,"GSE244576",2.073,2.073,0,"Tier3_1dataset"
"ANKRD16",1,"GSE244576",2.073,2.073,0.000101,"Tier3_1dataset"
"CD302",1,"GSE244576",2.062,2.062,1.7e-05,"Tier3_1dataset"
"GAS2",1,"GSE244576",2.061,2.061,0.000132,"Tier3_1dataset"
"HIF1A",1,"GSE244576",2.058,2.058,0,"Tier3_1dataset"
"NHSL1",1,"GSE244576",2.054,2.054,0,"Tier3_1dataset"
"FIG4",1,"GSE244576",2.049,2.049,0.016838,"Tier3_1dataset"
"TTC39B",1,"GSE244576",2.049,2.049,0,"Tier3_1dataset"
"PPP1R18",1,"GSE244576",2.048,2.048,0.000546,"Tier3_1dataset"
"UCP2",1,"GSE244576",2.048,2.048,4.3e-05,"Tier3_1dataset"
"PXDN",1,"GSE244576",2.037,2.037,2e-06,"Tier3_1dataset"
"FMNL2",1,"GSE244576",2.031,2.031,0,"Tier3_1dataset"
"SUCLG2",1,"GSE244576",2.017,2.017,0.0129,"Tier3_1dataset"
"GM14009",1,"GSE244576",2.004,2.004,0.00134,"Tier3_1dataset"
"A730049H05RIK",1,"GSE244576",1.995,1.995,4.2e-05,"Tier3_1dataset"
"OASL2",1,"GSE244576",1.994,1.994,1e-06,"Tier3_1dataset"
"LDLRAP1",1,"GSE244576",1.985,1.985,0.000252,"Tier3_1dataset"
"FSTL1",1,"GSE244576",1.977,1.977,0,"Tier3_1dataset"
"COG2",1,"GSE244576",1.976,1.976,0.010911,"Tier3_1dataset"
"EFL1",1,"GSE244576",1.973,1.973,3e-06,"Tier3_1dataset"
"GSR",1,"GSE244576",1.973,1.973,0,"Tier3_1dataset"
"ITGAV",1,"GSE244576",1.972,1.972,0,"Tier3_1dataset"
"ANTXR2",1,"GSE244576",1.971,1.971,0.000544,"Tier3_1dataset"
"ZFP36L2",1,"GSE244576",1.97,1.97,0.000159,"Tier3_1dataset"
"STAT3",1,"GSE244576",1.963,1.963,0,"Tier3_1dataset"
"SMYD2",1,"GSE244576",1.961,1.961,0.000462,"Tier3_1dataset"
"LDLR",1,"GSE244576",1.957,1.957,0,"Tier3_1dataset"
"PROS1",1,"GSE244576",1.953,1.953,0,"Tier3_1dataset"
"MICAL1",1,"GSE244576",1.95,1.95,1e-06,"Tier3_1dataset"
"ANGPTL4",1,"GSE244576",1.947,1.947,0.002089,"Tier3_1dataset"
"SMIM3",1,"GSE244576",1.944,1.944,0.000601,"Tier3_1dataset"
"APAF1",1,"GSE244576",1.941,1.941,0,"Tier3_1dataset"
"ZFP618",1,"GSE244576",1.934,1.934,0,"Tier3_1dataset"
"SEC24D",1,"GSE244576",1.931,1.931,0,"Tier3_1dataset"
"DDR2",1,"GSE244576",1.93,1.93,0,"Tier3_1dataset"
"AMPD3",1,"GSE244576",1.927,1.927,0,"Tier3_1dataset"
"MVP",1,"GSE244576",1.912,1.912,2e-06,"Tier3_1dataset"
"MAMLD1",1,"GSE244576",1.91,1.91,1e-06,"Tier3_1dataset"
"PTK7",1,"GSE244576",1.909,1.909,0,"Tier3_1dataset"
"SEC16A",1,"GSE244576",1.908,1.908,1e-06,"Tier3_1dataset"
"LOXL3",1,"GSE244576",1.906,1.906,6.6e-05,"Tier3_1dataset"
"CTSB",1,"GSE244576",1.895,1.895,0,"Tier3_1dataset"
"VPS50",1,"GSE244576",1.891,1.891,2e-06,"Tier3_1dataset"
"CBLB",1,"GSE244576",1.89,1.89,0,"Tier3_1dataset"
"5730455P16RIK",1,"GSE244576",1.889,1.889,0.000166,"Tier3_1dataset"
"EHBP1L1",1,"GSE244576",1.879,1.879,0.000949,"Tier3_1dataset"
"COL5A2",1,"GSE244576",1.87,1.87,0,"Tier3_1dataset"
"MMP14",1,"GSE244576",1.869,1.869,0.000114,"Tier3_1dataset"
"MYO9B",1,"GSE244576",1.868,1.868,0,"Tier3_1dataset"
"UHRF1BP1L",1,"GSE244576",1.867,1.867,0,"Tier3_1dataset"
"UAP1",1,"GSE244576",1.866,1.866,0.001951,"Tier3_1dataset"
"ZFP408",1,"GSE244576",1.863,1.863,0.019476,"Tier3_1dataset"
"MSN",1,"GSE244576",1.856,1.856,0,"Tier3_1dataset"
"CD248",1,"GSE244576",1.847,1.847,0.000942,"Tier3_1dataset"
"CTSD",1,"GSE244576",1.847,1.847,0,"Tier3_1dataset"
"VAC14",1,"GSE244576",1.846,1.846,0,"Tier3_1dataset"
"UBASH3B",1,"GSE244576",1.843,1.843,0.009685,"Tier3_1dataset"
"AGK",1,"GSE244576",1.831,1.831,0,"Tier3_1dataset"
"ATP11A",1,"GSE244576",1.831,1.831,5.6e-05,"Tier3_1dataset"
"LIN54",1,"GSE244576",1.829,1.829,5.9e-05,"Tier3_1dataset"
"RP2",1,"GSE244576",1.828,1.828,0.014238,"Tier3_1dataset"
"SWAP70",1,"GSE244576",1.814,1.814,0,"Tier3_1dataset"
"COL4A1",1,"GSE244576",1.811,1.811,0,"Tier3_1dataset"
"ARFGAP3",1,"GSE244576",1.808,1.808,0.000414,"Tier3_1dataset"
"PIKFYVE",1,"GSE244576",1.806,1.806,0,"Tier3_1dataset"
"UCK2",1,"GSE244576",1.8,1.8,0.002545,"Tier3_1dataset"
"GLI3",1,"GSE244576",1.793,1.793,0,"Tier3_1dataset"
"WDR1",1,"GSE244576",1.79,1.79,0.000544,"Tier3_1dataset"
"TMEM241",1,"GSE244576",1.786,1.786,0.000267,"Tier3_1dataset"
"1810034E14RIK",1,"GSE244576",1.784,1.784,0.002291,"Tier3_1dataset"
"SPATA7",1,"GSE244576",1.781,1.781,5e-06,"Tier3_1dataset"
"BAZ1A",1,"GSE244576",1.773,1.773,0,"Tier3_1dataset"
"KDM4A",1,"GSE244576",1.773,1.773,0.035145,"Tier3_1dataset"
"GZMA",1,"GSE310324",1.772,1.772,6e-06,"Tier3_1dataset"
"UBTD1",1,"GSE244576",1.764,1.764,5e-06,"Tier3_1dataset"
"CDK8",1,"GSE250597",1.763,1.763,0,"Tier3_1dataset"
"LDB1",1,"GSE244576",1.761,1.761,0,"Tier3_1dataset"
"ABCA7",1,"GSE244576",1.753,1.753,9.5e-05,"Tier3_1dataset"
"SGPL1",1,"GSE244576",1.753,1.753,1e-06,"Tier3_1dataset"
"1700018A04RIK",1,"GSE244576",1.745,1.745,2e-06,"Tier3_1dataset"
"ZC3H6",1,"GSE244576",1.742,1.742,0,"Tier3_1dataset"
"EIF2B2",1,"GSE244576",1.741,1.741,0.0387,"Tier3_1dataset"
"ZCCHC24",1,"GSE244576",1.736,1.736,0,"Tier3_1dataset"
"TBCEL",1,"GSE244576",1.732,1.732,3.4e-05,"Tier3_1dataset"
"MAP3K8",1,"GSE244576",1.727,1.727,3e-06,"Tier3_1dataset"
"PRKCI",1,"GSE244576",1.726,1.726,0.013466,"Tier3_1dataset"
"CLIP2",1,"GSE244576",1.72,1.72,0,"Tier3_1dataset"
"MXRA7",1,"GSE244576",1.72,1.72,1.7e-05,"Tier3_1dataset"
"ESD",1,"GSE244576",1.715,1.715,0,"Tier3_1dataset"
"PHF2",1,"GSE244576",1.715,1.715,0.005405,"Tier3_1dataset"
"BGN",1,"GSE244576",1.712,1.712,0,"Tier3_1dataset"
"NAV1",1,"GSE244576",1.712,1.712,0,"Tier3_1dataset"
"GARNL3",1,"GSE244576",1.709,1.709,0,"Tier3_1dataset"
"BHLHE40",1,"GSE244576",1.708,1.708,0.032647,"Tier3_1dataset"
"EAF1",1,"GSE244576",1.708,1.708,0.02359,"Tier3_1dataset"
"ERRFI1",1,"GSE244576",1.697,1.697,0,"Tier3_1dataset"
"SH3PXD2B",1,"GSE244576",1.697,1.697,5e-06,"Tier3_1dataset"
"GRAMD3",1,"GSE244576",1.695,1.695,5e-06,"Tier3_1dataset"
"CCDC9B",1,"GSE244576",1.692,1.692,0,"Tier3_1dataset"
"EDRF1",1,"GSE244576",1.689,1.689,0.011356,"Tier3_1dataset"
"ATAD2",1,"GSE244576",1.687,1.687,0.002288,"Tier3_1dataset"
"CIRBP",1,"GSE244576",1.686,1.686,1.8e-05,"Tier3_1dataset"
"SLC22A5",1,"GSE244576",1.686,1.686,0.009776,"Tier3_1dataset"
"C1QB",1,"GSE244576",1.685,1.685,0.001989,"Tier3_1dataset"
"SLC25A37",1,"GSE244576",1.684,1.684,6.3e-05,"Tier3_1dataset"
"STX6",1,"GSE244576",1.68,1.68,0,"Tier3_1dataset"
"SETDB1",1,"GSE244576",1.679,1.679,0,"Tier3_1dataset"
"MED23",1,"GSE244576",1.678,1.678,0,"Tier3_1dataset"
"CEBPB",1,"GSE244576",1.673,1.673,0,"Tier3_1dataset"
"SH2B3",1,"GSE244576",1.668,1.668,0,"Tier3_1dataset"
"SPEG",1,"GSE244576",1.666,1.666,8e-05,"Tier3_1dataset"
"KHDC4",1,"GSE244576",1.665,1.665,0,"Tier3_1dataset"
"MAST2",1,"GSE244576",1.665,1.665,0,"Tier3_1dataset"
"MCM9",1,"GSE244576",1.662,1.662,0.012231,"Tier3_1dataset"
"TFDP1",1,"GSE244576",1.66,1.66,0.034631,"Tier3_1dataset"
"IGBP1",1,"GSE244576",1.658,1.658,0.014829,"Tier3_1dataset"
"UTP6",1,"GSE244576",1.658,1.658,0.008909,"Tier3_1dataset"
"BCAR3",1,"GSE244576",1.657,1.657,0.000155,"Tier3_1dataset"
"WDR5",1,"GSE244576",1.651,1.651,0.006808,"Tier3_1dataset"
"UBQLN1",1,"GSE244576",1.649,1.649,1e-06,"Tier3_1dataset"
"MTMR2",1,"GSE244576",1.646,1.646,0,"Tier3_1dataset"
"RBMS3",1,"GSE244576",1.645,1.645,0,"Tier3_1dataset"
"UBE2I",1,"GSE244576",1.642,1.642,0,"Tier3_1dataset"
"AFF1",1,"GSE244576",1.638,1.638,0,"Tier3_1dataset"
"WDFY1",1,"GSE244576",1.636,1.636,0,"Tier3_1dataset"
"DGCR2",1,"GSE244576",1.634,1.634,1.1e-05,"Tier3_1dataset"
"TRIM24",1,"GSE244576",1.632,1.632,0,"Tier3_1dataset"
"TMEM214",1,"GSE244576",1.63,1.63,0.003498,"Tier3_1dataset"
"COL4A2",1,"GSE244576",1.624,1.624,0,"Tier3_1dataset"
"GM13889",1,"GSE244576",1.624,1.624,2e-06,"Tier3_1dataset"
"RASL12",1,"GSE244576",1.624,1.624,0,"Tier3_1dataset"
"TRMT1",1,"GSE244576",1.622,1.622,0.00034,"Tier3_1dataset"
"ATF1",1,"GSE244576",1.62,1.62,2e-06,"Tier3_1dataset"
"ZFP697",1,"GSE244576",1.62,1.62,0,"Tier3_1dataset"
"HBB-BS",1,"GSE244576",1.619,1.619,9e-06,"Tier3_1dataset"
"STT3A",1,"GSE244576",1.619,1.619,2e-06,"Tier3_1dataset"
"MAP2K1",1,"GSE244576",1.618,1.618,0,"Tier3_1dataset"
"NFKBIZ",1,"GSE244576",1.615,1.615,1.1e-05,"Tier3_1dataset"
"CEP192",1,"GSE244576",1.609,1.609,1.7e-05,"Tier3_1dataset"
"RHBDF1",1,"GSE244576",1.606,1.606,0.003632,"Tier3_1dataset"
"TMEM128",1,"GSE244576",1.602,1.602,0.023161,"Tier3_1dataset"
"TMTC3",1,"GSE244576",1.602,1.602,0.039025,"Tier3_1dataset"
"RAB11FIP3",1,"GSE244576",1.598,1.598,0,"Tier3_1dataset"
"AGAP2",1,"GSE244576",1.591,1.591,0.019636,"Tier3_1dataset"
"JUNB",1,"GSE244576",1.58,1.58,0,"Tier3_1dataset"
"NHS",1,"GSE244576",1.58,1.58,0,"Tier3_1dataset"
"VMP1",1,"GSE244576",1.578,1.578,0,"Tier3_1dataset"
"CASP8AP2",1,"GSE244576",1.576,1.576,0.029372,"Tier3_1dataset"
"EXOC1",1,"GSE244576",1.576,1.576,2e-06,"Tier3_1dataset"
"SLC39A1",1,"GSE244576",1.575,1.575,0.004561,"Tier3_1dataset"
"PER3",1,"GSE244576",1.573,1.573,0.000127,"Tier3_1dataset"
"PIK3R1",1,"GSE244576",1.573,1.573,0,"Tier3_1dataset"
"RASA2",1,"GSE244576",1.572,1.572,0,"Tier3_1dataset"
"EIF3B",1,"GSE244576",1.567,1.567,0.000187,"Tier3_1dataset"
"IBTK",1,"GSE244576",1.564,1.564,0.00718,"Tier3_1dataset"
"RABGEF1",1,"GSE244576",1.564,1.564,0,"Tier3_1dataset"
"ADAM12",1,"GSE244576",1.561,1.561,0,"Tier3_1dataset"
"GCLC",1,"GSE244576",1.56,1.56,1.7e-05,"Tier3_1dataset"
"GLIS2",1,"GSE244576",1.557,1.557,0.004785,"Tier3_1dataset"
"MID1",1,"GSE244576",1.556,1.556,0,"Tier3_1dataset"
"FARP1",1,"GSE244576",1.551,1.551,0,"Tier3_1dataset"
"FOXP4",1,"GSE244576",1.551,1.551,0.001979,"Tier3_1dataset"
"TAPT1",1,"GSE244576",1.551,1.551,2e-06,"Tier3_1dataset"
"CHD7",1,"GSE244576",1.55,1.55,0.012338,"Tier3_1dataset"
"RAB31",1,"GSE244576",1.549,1.549,0,"Tier3_1dataset"
"WIPF2",1,"GSE244576",1.549,1.549,0.000844,"Tier3_1dataset"
"ATAD5",1,"GSE244576",1.548,1.548,0.000512,"Tier3_1dataset"
"FGFR1",1,"GSE244576",1.548,1.548,0,"Tier3_1dataset"
"2610307P16RIK",1,"GSE244576",1.546,1.546,0,"Tier3_1dataset"
"B830012L14RIK",1,"GSE244576",1.546,1.546,8.8e-05,"Tier3_1dataset"
"CLCN6",1,"GSE244576",1.544,1.544,0.045566,"Tier3_1dataset"
"TRAF7",1,"GSE244576",1.543,1.543,0.002601,"Tier3_1dataset"
"BLM",1,"GSE244576",1.534,1.534,0.000608,"Tier3_1dataset"
"SGK1",1,"GSE244576",1.534,1.534,0,"Tier3_1dataset"
"MYEF2",1,"GSE244576",1.533,1.533,0,"Tier3_1dataset"
"RNF144A",1,"GSE244576",1.532,1.532,0.001155,"Tier3_1dataset"
"PLEC",1,"GSE244576",1.53,1.53,4e-06,"Tier3_1dataset"
"SLC7A2",1,"GSE244576",1.53,1.53,0.000494,"Tier3_1dataset"
"RAPGEF3",1,"GSE244576",1.527,1.527,1e-06,"Tier3_1dataset"
"SKAP2",1,"GSE244576",1.526,1.526,0.00295,"Tier3_1dataset"
"CDK14",1,"GSE244576",1.524,1.524,0,"Tier3_1dataset"
"CHST2",1,"GSE244576",1.521,1.521,0.001532,"Tier3_1dataset"
"FURIN",1,"GSE244576",1.518,1.518,9.2e-05,"Tier3_1dataset"
"OTULINL",1,"GSE244576",1.517,1.517,0.017396,"Tier3_1dataset"
"FRMD8",1,"GSE244576",1.515,1.515,0.003816,"Tier3_1dataset"
"KCNT2",1,"GSE244576",1.513,1.513,0,"Tier3_1dataset"
"MAP4K4",1,"GSE244576",1.513,1.513,0,"Tier3_1dataset"
"BMP2K",1,"GSE244576",1.505,1.505,0,"Tier3_1dataset"
"WDR11",1,"GSE244576",1.504,1.504,0.025246,"Tier3_1dataset"
"USP6NL",1,"GSE244576",1.499,1.499,0,"Tier3_1dataset"
"ARHGEF40",1,"GSE244576",1.497,1.497,0,"Tier3_1dataset"
"NOM1",1,"GSE244576",1.496,1.496,5e-06,"Tier3_1dataset"
"LRRC59",1,"GSE244576",1.49,1.49,0.048608,"Tier3_1dataset"
"CTSL",1,"GSE244576",1.489,1.489,0,"Tier3_1dataset"
"SMC4",1,"GSE244576",1.488,1.488,9.6e-05,"Tier3_1dataset"
"MIDN",1,"GSE244576",1.485,1.485,6e-06,"Tier3_1dataset"
"TRIP4",1,"GSE244576",1.485,1.485,4e-06,"Tier3_1dataset"
"RNF38",1,"GSE244576",1.484,1.484,0,"Tier3_1dataset"
"EZH2",1,"GSE244576",1.482,1.482,0.000161,"Tier3_1dataset"
"ISG15",1,"GSE250597",1.481,1.481,0,"Tier3_1dataset"
"KREMEN1",1,"GSE244576",1.48,1.48,2.5e-05,"Tier3_1dataset"
"KMT2D",1,"GSE244576",1.479,1.479,0.000453,"Tier3_1dataset"
"CERK",1,"GSE244576",1.474,1.474,0,"Tier3_1dataset"
"PIK3CD",1,"GSE244576",1.473,1.473,0,"Tier3_1dataset"
"COMMD10",1,"GSE244576",1.471,1.471,0.005846,"Tier3_1dataset"
"NPC2",1,"GSE244576",1.47,1.47,0.0095,"Tier3_1dataset"
"CDC14A",1,"GSE244576",1.469,1.469,0.026424,"Tier3_1dataset"
"JAG1",1,"GSE244576",1.465,1.465,1e-06,"Tier3_1dataset"
"NSMCE2",1,"GSE244576",1.463,1.463,0,"Tier3_1dataset"
"SERINC5",1,"GSE244576",1.463,1.463,5.5e-05,"Tier3_1dataset"
"TMEM87B",1,"GSE244576",1.46,1.46,0,"Tier3_1dataset"
"ARHGAP24",1,"GSE244576",1.458,1.458,1e-06,"Tier3_1dataset"
"HIPK2",1,"GSE244576",1.458,1.458,0,"Tier3_1dataset"
"NUP93",1,"GSE244576",1.456,1.456,1e-06,"Tier3_1dataset"
"TMEM189",1,"GSE244576",1.454,1.454,0.003385,"Tier3_1dataset"
"ZFP277",1,"GSE244576",1.454,1.454,9.7e-05,"Tier3_1dataset"
"LRMDA",1,"GSE244576",1.45,1.45,0.002729,"Tier3_1dataset"
"TLE3",1,"GSE244576",1.45,1.45,0.02964,"Tier3_1dataset"
"CNEP1R1",1,"GSE244576",1.449,1.449,0,"Tier3_1dataset"
"LARP4B",1,"GSE244576",1.449,1.449,0,"Tier3_1dataset"
"SAMD4",1,"GSE244576",1.449,1.449,0,"Tier3_1dataset"
"FNBP4",1,"GSE244576",1.448,1.448,0,"Tier3_1dataset"
"COQ10B",1,"GSE244576",1.446,1.446,0,"Tier3_1dataset"
"RAI14",1,"GSE244576",1.445,1.445,0,"Tier3_1dataset"
"JADE2",1,"GSE244576",1.438,1.438,0.001658,"Tier3_1dataset"
"LAMA5",1,"GSE244576",1.438,1.438,0.045574,"Tier3_1dataset"
"SLC20A1",1,"GSE244576",1.438,1.438,0.000294,"Tier3_1dataset"
"IRF8",1,"GSE310324",1.434,1.434,0.017661,"Tier3_1dataset"
"TTLL5",1,"GSE244576",1.432,1.432,1e-06,"Tier3_1dataset"
"LRP5",1,"GSE244576",1.429,1.429,8.5e-05,"Tier3_1dataset"
"DNMT1",1,"GSE244576",1.426,1.426,0.037777,"Tier3_1dataset"
"ZMIZ1",1,"GSE244576",1.423,1.423,0,"Tier3_1dataset"
"IL6ST",1,"GSE244576",1.42,1.42,0,"Tier3_1dataset"
"MFSD11",1,"GSE244576",1.418,1.418,0.001823,"Tier3_1dataset"
"PTPN1",1,"GSE244576",1.418,1.418,0,"Tier3_1dataset"
"REV1",1,"GSE244576",1.417,1.417,0,"Tier3_1dataset"
"COL27A1",1,"GSE244576",1.41,1.41,0.003737,"Tier3_1dataset"
"ZFP609",1,"GSE244576",1.409,1.409,0,"Tier3_1dataset"
"KCNQ4",1,"GSE244576",1.408,1.408,0.024621,"Tier3_1dataset"
"PPFIBP1",1,"GSE244576",1.408,1.408,0,"Tier3_1dataset"
"KLHL6",1,"GSE244576",1.407,1.407,0.043781,"Tier3_1dataset"
"PBX2",1,"GSE244576",1.405,1.405,0.000529,"Tier3_1dataset"
"WDR26",1,"GSE244576",1.404,1.404,0,"Tier3_1dataset"
"DDIT4",1,"GSE244576",1.399,1.399,0.008371,"Tier3_1dataset"
"ELMSAN1",1,"GSE244576",1.399,1.399,7e-06,"Tier3_1dataset"
"HDAC1",1,"GSE244576",1.399,1.399,0.001288,"Tier3_1dataset"
"KDSR",1,"GSE244576",1.396,1.396,7e-05,"Tier3_1dataset"
"PLEKHH3",1,"GSE244576",1.396,1.396,0.013991,"Tier3_1dataset"
"INTS2",1,"GSE244576",1.393,1.393,9.9e-05,"Tier3_1dataset"
"TMEM41B",1,"GSE244576",1.391,1.391,0.015794,"Tier3_1dataset"
"PEAK1",1,"GSE244576",1.39,1.39,0,"Tier3_1dataset"
"WDR37",1,"GSE244576",1.39,1.39,0,"Tier3_1dataset"
"LYN",1,"GSE244576",1.389,1.389,0,"Tier3_1dataset"
"SAMD5",1,"GSE244576",1.388,1.388,0.000404,"Tier3_1dataset"
"4833422C13RIK",1,"GSE244576",1.387,1.387,0,"Tier3_1dataset"
"ANXA11",1,"GSE244576",1.386,1.386,0.043044,"Tier3_1dataset"
"IWS1",1,"GSE244576",1.385,1.385,0,"Tier3_1dataset"
"NPLOC4",1,"GSE244576",1.383,1.383,0,"Tier3_1dataset"
"PTBP2",1,"GSE244576",1.381,1.381,0,"Tier3_1dataset"
"PTPN12",1,"GSE244576",1.38,1.38,0,"Tier3_1dataset"
"TMEM68",1,"GSE244576",1.379,1.379,0.000289,"Tier3_1dataset"
"TBC1D19",1,"GSE244576",1.377,1.377,0,"Tier3_1dataset"
"CCAR1",1,"GSE244576",1.376,1.376,0,"Tier3_1dataset"
"ECM1",1,"GSE244576",1.376,1.376,0.002403,"Tier3_1dataset"
"PRRC1",1,"GSE244576",1.375,1.375,6.8e-05,"Tier3_1dataset"
"NOL10",1,"GSE244576",1.374,1.374,1e-06,"Tier3_1dataset"
"GABPB1",1,"GSE244576",1.372,1.372,0.024151,"Tier3_1dataset"
"SETD1A",1,"GSE244576",1.366,1.366,0.000199,"Tier3_1dataset"
"MCPH1",1,"GSE244576",1.362,1.362,0.000468,"Tier3_1dataset"
"SH3KBP1",1,"GSE244576",1.359,1.359,0,"Tier3_1dataset"
"BZW2",1,"GSE244576",1.358,1.358,0.001164,"Tier3_1dataset"
"PBX3",1,"GSE244576",1.358,1.358,0,"Tier3_1dataset"
"ZSWIM7",1,"GSE244576",1.358,1.358,0.005569,"Tier3_1dataset"
"FBRS",1,"GSE244576",1.356,1.356,0.020498,"Tier3_1dataset"
"IER3",1,"GSE244576",1.356,1.356,2e-06,"Tier3_1dataset"
"SLF1",1,"GSE244576",1.356,1.356,0,"Tier3_1dataset"
"TNS3",1,"GSE244576",1.356,1.356,0,"Tier3_1dataset"
"APOD",1,"GSE244576",1.353,1.353,0,"Tier3_1dataset"
"CAST",1,"GSE244576",1.345,1.345,0,"Tier3_1dataset"
"RNF141",1,"GSE244576",1.341,1.341,0.000164,"Tier3_1dataset"
"HMGB2",1,"GSE244576",1.34,1.34,0.001451,"Tier3_1dataset"
"TEAD1",1,"GSE244576",1.339,1.339,0,"Tier3_1dataset"
"OSBP",1,"GSE244576",1.338,1.338,4.8e-05,"Tier3_1dataset"
"2610020C07RIK",1,"GSE244576",1.337,1.337,0,"Tier3_1dataset"
"USP49",1,"GSE244576",1.336,1.336,0.004364,"Tier3_1dataset"
"CD46",1,"GSE244576",1.334,1.334,0,"Tier3_1dataset"
"LITAF",1,"GSE244576",1.334,1.334,0,"Tier3_1dataset"
"GRAMD4",1,"GSE244576",1.331,1.331,0,"Tier3_1dataset"
"MAPK14",1,"GSE244576",1.331,1.331,7.8e-05,"Tier3_1dataset"
"YJU2",1,"GSE244576",1.331,1.331,0.035447,"Tier3_1dataset"
"VAV2",1,"GSE244576",1.33,1.33,7e-06,"Tier3_1dataset"
"GM41609",1,"GSE244576",1.329,1.329,0.000954,"Tier3_1dataset"
"SIAH1A",1,"GSE244576",1.329,1.329,1e-06,"Tier3_1dataset"
"CHST11",1,"GSE244576",1.327,1.327,3e-06,"Tier3_1dataset"
"NEAT1",1,"GSE244576",1.327,1.327,0,"Tier3_1dataset"
"DYSF",1,"GSE244576",1.326,1.326,6e-06,"Tier3_1dataset"
"SPIDR",1,"GSE244576",1.324,1.324,0,"Tier3_1dataset"
"NUP155",1,"GSE244576",1.323,1.323,4.2e-05,"Tier3_1dataset"
"AW554918",1,"GSE244576",1.322,1.322,0,"Tier3_1dataset"
"SAV1",1,"GSE244576",1.322,1.322,0,"Tier3_1dataset"
"PER1",1,"GSE244576",1.317,1.317,0,"Tier3_1dataset"
"TSHZ3",1,"GSE244576",1.315,1.315,0,"Tier3_1dataset"
"DPY19L4",1,"GSE244576",1.314,1.314,0,"Tier3_1dataset"
"NF2",1,"GSE244576",1.314,1.314,0.001587,"Tier3_1dataset"
"FADS3",1,"GSE244576",1.312,1.312,0.00219,"Tier3_1dataset"
"SRC",1,"GSE244576",1.312,1.312,0.000331,"Tier3_1dataset"
"UBAP1",1,"GSE244576",1.312,1.312,8.2e-05,"Tier3_1dataset"
"SLC24A5",1,"GSE244576",1.311,1.311,0.000724,"Tier3_1dataset"
"YKT6",1,"GSE244576",1.31,1.31,0.014039,"Tier3_1dataset"
"MED13L",1,"GSE244576",1.308,1.308,0,"Tier3_1dataset"
"ANKRD28",1,"GSE244576",1.307,1.307,0,"Tier3_1dataset"
"GOLPH3",1,"GSE244576",1.306,1.306,4.5e-05,"Tier3_1dataset"
"TANK",1,"GSE244576",1.305,1.305,0,"Tier3_1dataset"
"GM11084",1,"GSE244576",1.304,1.304,0.000518,"Tier3_1dataset"
"ESYT1",1,"GSE244576",1.303,1.303,0.000181,"Tier3_1dataset"
"CNTRL",1,"GSE244576",1.302,1.302,5.7e-05,"Tier3_1dataset"
"NOTCH4",1,"GSE244576",1.302,1.302,0.000276,"Tier3_1dataset"
"BCL2L11",1,"GSE244576",1.3,1.3,0.006854,"Tier3_1dataset"
"EIF2AK4",1,"GSE244576",1.3,1.3,8e-06,"Tier3_1dataset"
"PTBP1",1,"GSE244576",1.3,1.3,0.001502,"Tier3_1dataset"
"AXL",1,"GSE244576",1.299,1.299,0,"Tier3_1dataset"
"CNN3",1,"GSE244576",1.297,1.297,0,"Tier3_1dataset"
"TOPBP1",1,"GSE244576",1.297,1.297,5e-06,"Tier3_1dataset"
"ZC3H7A",1,"GSE244576",1.297,1.297,0,"Tier3_1dataset"
"PDGFA",1,"GSE244576",1.296,1.296,0.001001,"Tier3_1dataset"
"COG3",1,"GSE244576",1.295,1.295,0,"Tier3_1dataset"
"CTDP1",1,"GSE244576",1.294,1.294,0.005583,"Tier3_1dataset"
"ZBTB34",1,"GSE244576",1.294,1.294,0,"Tier3_1dataset"
"SENP1",1,"GSE244576",1.293,1.293,0.000824,"Tier3_1dataset"
"WDR36",1,"GSE244576",1.287,1.287,0.008227,"Tier3_1dataset"
"CDYL2",1,"GSE244576",1.285,1.285,0,"Tier3_1dataset"
"HAUS6",1,"GSE244576",1.285,1.285,0.016764,"Tier3_1dataset"
"NCK2",1,"GSE244576",1.281,1.281,0,"Tier3_1dataset"
"SOGA1",1,"GSE244576",1.277,1.277,0,"Tier3_1dataset"
"ORC3",1,"GSE244576",1.275,1.275,0,"Tier3_1dataset"
"SPRY2",1,"GSE244576",1.275,1.275,0,"Tier3_1dataset"
"TGFBR1",1,"GSE244576",1.275,1.275,4e-06,"Tier3_1dataset"
"PRKD1",1,"GSE244576",1.273,1.273,0.037758,"Tier3_1dataset"
"ARCN1",1,"GSE244576",1.27,1.27,0,"Tier3_1dataset"
"SPATS2",1,"GSE244576",1.268,1.268,6e-06,"Tier3_1dataset"
"GET4",1,"GSE244576",1.267,1.267,0.028468,"Tier3_1dataset"
"FBRSL1",1,"GSE244576",1.26,1.26,1.5e-05,"Tier3_1dataset"
"MGP",1,"GSE244576",1.26,1.26,0,"Tier3_1dataset"
"UIMC1",1,"GSE244576",1.254,1.254,0,"Tier3_1dataset"
"UVSSA",1,"GSE244576",1.254,1.254,0.001581,"Tier3_1dataset"
"PHYKPL",1,"GSE244576",1.253,1.253,0.000476,"Tier3_1dataset"
"SOCS2",1,"GSE244576",1.253,1.253,0.000218,"Tier3_1dataset"
"C330007P06RIK",1,"GSE244576",1.252,1.252,0.002545,"Tier3_1dataset"
"CEMIP2",1,"GSE244576",1.252,1.252,0,"Tier3_1dataset"
"SP3",1,"GSE244576",1.251,1.251,0,"Tier3_1dataset"
"TNKS",1,"GSE244576",1.251,1.251,0,"Tier3_1dataset"
"BACH1",1,"GSE244576",1.249,1.249,0.003112,"Tier3_1dataset"
"METTL6",1,"GSE244576",1.249,1.249,0.006431,"Tier3_1dataset"
"LMTK2",1,"GSE244576",1.248,1.248,0.000993,"Tier3_1dataset"
"AMN1",1,"GSE244576",1.244,1.244,3e-06,"Tier3_1dataset"
"GM10125",1,"GSE244576",1.243,1.243,0,"Tier3_1dataset"
"YBX3",1,"GSE244576",1.243,1.243,9e-06,"Tier3_1dataset"
"TOM1",1,"GSE244576",1.238,1.238,0.017035,"Tier3_1dataset"
"AMY1",1,"GSE244576",1.235,1.235,0.002706,"Tier3_1dataset"
"HDAC8",1,"GSE244576",1.235,1.235,0,"Tier3_1dataset"
"SNTB2",1,"GSE244576",1.234,1.234,0,"Tier3_1dataset"
"VRK2",1,"GSE244576",1.234,1.234,0.004269,"Tier3_1dataset"
"PPARD",1,"GSE244576",1.232,1.232,0,"Tier3_1dataset"
"SLC9A8",1,"GSE244576",1.231,1.231,0,"Tier3_1dataset"
"ANXA7",1,"GSE244576",1.23,1.23,6.5e-05,"Tier3_1dataset"
"CADM4",1,"GSE244576",1.23,1.23,0,"Tier3_1dataset"
"PEX14",1,"GSE244576",1.23,1.23,3.9e-05,"Tier3_1dataset"
"PKD2",1,"GSE244576",1.23,1.23,0,"Tier3_1dataset"
"RBMS1",1,"GSE244576",1.227,1.227,0,"Tier3_1dataset"
"TAF2",1,"GSE244576",1.222,1.222,0.003457,"Tier3_1dataset"
"HUNK",1,"GSE244576",1.221,1.221,0.000879,"Tier3_1dataset"
"PLAA",1,"GSE244576",1.221,1.221,0,"Tier3_1dataset"
"SFXN1",1,"GSE244576",1.22,1.22,0.000283,"Tier3_1dataset"
"YTHDF3",1,"GSE244576",1.217,1.217,0,"Tier3_1dataset"
"CMSS1",1,"GSE250597",1.215,1.215,0,"Tier3_1dataset"
"SENP5",1,"GSE244576",1.215,1.215,0,"Tier3_1dataset"
"SESTD1",1,"GSE244576",1.215,1.215,1.3e-05,"Tier3_1dataset"
"A4GALT",1,"GSE244576",1.214,1.214,1.3e-05,"Tier3_1dataset"
"SMARCA4",1,"GSE244576",1.212,1.212,0,"Tier3_1dataset"
"TNIP2",1,"GSE244576",1.212,1.212,0,"Tier3_1dataset"
"CABIN1",1,"GSE244576",1.211,1.211,0,"Tier3_1dataset"
"RBM3",1,"GSE244576",1.21,1.21,0,"Tier3_1dataset"
"SMURF1",1,"GSE244576",1.21,1.21,1e-06,"Tier3_1dataset"
"LIMK2",1,"GSE244576",1.209,1.209,3.4e-05,"Tier3_1dataset"
"SOX5",1,"GSE244576",1.209,1.209,0,"Tier3_1dataset"
"EXOC5",1,"GSE244576",1.207,1.207,0,"Tier3_1dataset"
"HTT",1,"GSE244576",1.206,1.206,0,"Tier3_1dataset"
"PAM",1,"GSE244576",1.206,1.206,0,"Tier3_1dataset"
"DAB2",1,"GSE244576",1.203,1.203,0.004469,"Tier3_1dataset"
"TXNRD1",1,"GSE244576",1.202,1.202,1.1e-05,"Tier3_1dataset"
"ARPC1B",1,"GSE244576",1.199,1.199,6.3e-05,"Tier3_1dataset"
"VAT1",1,"GSE244576",1.198,1.198,0.01676,"Tier3_1dataset"
"UGCG",1,"GSE244576",1.194,1.194,0.001574,"Tier3_1dataset"
"NMD3",1,"GSE244576",1.193,1.193,0.028741,"Tier3_1dataset"
"SMAD5",1,"GSE244576",1.192,1.192,0.000417,"Tier3_1dataset"
"SNX5",1,"GSE244576",1.192,1.192,0.007069,"Tier3_1dataset"
"SPARC",1,"GSE244576",1.19,1.19,0,"Tier3_1dataset"
"LMBR1",1,"GSE244576",1.187,1.187,0,"Tier3_1dataset"
"LAMP2",1,"GSE244576",1.185,1.185,0,"Tier3_1dataset"
"ZSWIM6",1,"GSE244576",1.185,1.185,0,"Tier3_1dataset"
"4930503L19RIK",1,"GSE244576",1.184,1.184,0.0177,"Tier3_1dataset"
"PICALM",1,"GSE244576",1.184,1.184,0,"Tier3_1dataset"
"FAM114A1",1,"GSE244576",1.183,1.183,0.03795,"Tier3_1dataset"
"SMAD1",1,"GSE244576",1.183,1.183,0,"Tier3_1dataset"
"ETF1",1,"GSE244576",1.182,1.182,0,"Tier3_1dataset"
"NRAS",1,"GSE244576",1.18,1.18,5e-06,"Tier3_1dataset"
"NCKAP5",1,"GSE244576",1.179,1.179,0.04123,"Tier3_1dataset"
"CEP135",1,"GSE244576",1.178,1.178,0.003203,"Tier3_1dataset"
"NCBP3",1,"GSE244576",1.178,1.178,6.8e-05,"Tier3_1dataset"
"CBFB",1,"GSE244576",1.177,1.177,0,"Tier3_1dataset"
"PTPRN",1,"GSE244576",1.176,1.176,0,"Tier3_1dataset"
"HECA",1,"GSE244576",1.175,1.175,0.018935,"Tier3_1dataset"
"SMURF2",1,"GSE244576",1.173,1.173,0,"Tier3_1dataset"
"NUP35",1,"GSE244576",1.171,1.171,0.016124,"Tier3_1dataset"
"NUP88",1,"GSE244576",1.171,1.171,0.035062,"Tier3_1dataset"
"PXN",1,"GSE244576",1.171,1.171,0.010279,"Tier3_1dataset"
"THRAP3",1,"GSE244576",1.171,1.171,0,"Tier3_1dataset"
"TNPO1",1,"GSE244576",1.171,1.171,0,"Tier3_1dataset"
"NFKB1",1,"GSE244576",1.17,1.17,0,"Tier3_1dataset"
"NUP133",1,"GSE244576",1.169,1.169,0.001422,"Tier3_1dataset"
"CREB3L2",1,"GSE244576",1.167,1.167,0,"Tier3_1dataset"
"GOLGA5",1,"GSE244576",1.167,1.167,1e-06,"Tier3_1dataset"
"NAALAD2",1,"GSE244576",1.167,1.167,1e-06,"Tier3_1dataset"
"ANGPTL2",1,"GSE244576",1.165,1.165,5.9e-05,"Tier3_1dataset"
"CAMK2G",1,"GSE244576",1.165,1.165,0,"Tier3_1dataset"
"CCZ1",1,"GSE244576",1.164,1.164,0,"Tier3_1dataset"
"GORASP2",1,"GSE244576",1.163,1.163,0.013491,"Tier3_1dataset"
"SFSWAP",1,"GSE244576",1.163,1.163,0,"Tier3_1dataset"
"BAZ2A",1,"GSE244576",1.161,1.161,0,"Tier3_1dataset"
"ERF",1,"GSE244576",1.161,1.161,0.011473,"Tier3_1dataset"
"ZFP710",1,"GSE244576",1.161,1.161,0.024721,"Tier3_1dataset"
"IREB2",1,"GSE244576",1.158,1.158,0,"Tier3_1dataset"
"MAPK6",1,"GSE244576",1.158,1.158,0.001298,"Tier3_1dataset"
"SIDT2",1,"GSE244576",1.157,1.157,0.013152,"Tier3_1dataset"
"GPR4",1,"GSE244576",1.154,1.154,0.001583,"Tier3_1dataset"
"AFG3L1",1,"GSE244576",1.151,1.151,0.002549,"Tier3_1dataset"
"SEPT10",1,"GSE244576",1.151,1.151,0.000369,"Tier3_1dataset"
"USP47",1,"GSE244576",1.151,1.151,0,"Tier3_1dataset"
"RAI1",1,"GSE244576",1.15,1.15,0,"Tier3_1dataset"
"RALGPS1",1,"GSE244576",1.149,1.149,0,"Tier3_1dataset"
"FNIP2",1,"GSE244576",1.148,1.148,0,"Tier3_1dataset"
"PARP12",1,"GSE244576",1.148,1.148,0.028156,"Tier3_1dataset"
"SPATA5",1,"GSE244576",1.148,1.148,0,"Tier3_1dataset"
"CTTN",1,"GSE244576",1.147,1.147,0,"Tier3_1dataset"
"RPAP2",1,"GSE244576",1.147,1.147,0.045082,"Tier3_1dataset"
"BRF1",1,"GSE244576",1.146,1.146,0.011009,"Tier3_1dataset"
"LBR",1,"GSE244576",1.141,1.141,0.009191,"Tier3_1dataset"
"ADAR",1,"GSE244576",1.138,1.138,0.002323,"Tier3_1dataset"
"COMMD8",1,"GSE244576",1.138,1.138,0.012868,"Tier3_1dataset"
"STARD5",1,"GSE244576",1.137,1.137,0.000438,"Tier3_1dataset"
"ZFC3H1",1,"GSE244576",1.137,1.137,0,"Tier3_1dataset"
"FBXW11",1,"GSE244576",1.133,1.133,0,"Tier3_1dataset"
"TANGO2",1,"GSE244576",1.133,1.133,0.014178,"Tier3_1dataset"
"SCFD2",1,"GSE244576",1.132,1.132,9e-05,"Tier3_1dataset"
"ARFGAP1",1,"GSE244576",1.131,1.131,0.001485,"Tier3_1dataset"
"CEP170",1,"GSE244576",1.129,1.129,0,"Tier3_1dataset"
"YARS",1,"GSE244576",1.129,1.129,3.1e-05,"Tier3_1dataset"
"AGBL3",1,"GSE244576",1.128,1.128,0.000276,"Tier3_1dataset"
"ERBIN",1,"GSE244576",1.128,1.128,0,"Tier3_1dataset"
"XPO4",1,"GSE244576",1.128,1.128,0,"Tier3_1dataset"
"GALNT2",1,"GSE244576",1.124,1.124,0.046119,"Tier3_1dataset"
"GRIP1",1,"GSE244576",1.124,1.124,0,"Tier3_1dataset"
"KSR1",1,"GSE244576",1.123,1.123,0.000218,"Tier3_1dataset"
"PI4KB",1,"GSE244576",1.122,1.122,0,"Tier3_1dataset"
"MINDY2",1,"GSE244576",1.121,1.121,0.005616,"Tier3_1dataset"
"LAMA4",1,"GSE244576",1.119,1.119,0,"Tier3_1dataset"
"NIPA2",1,"GSE244576",1.118,1.118,7e-06,"Tier3_1dataset"
"DNAJC13",1,"GSE244576",1.117,1.117,0,"Tier3_1dataset"
"HEATR5A",1,"GSE244576",1.115,1.115,3e-05,"Tier3_1dataset"
"PTBP3",1,"GSE244576",1.113,1.113,0,"Tier3_1dataset"
"ODF2",1,"GSE244576",1.112,1.112,0,"Tier3_1dataset"
"P3H3",1,"GSE244576",1.111,1.111,0.029307,"Tier3_1dataset"
"SLC9A1",1,"GSE244576",1.111,1.111,0.009219,"Tier3_1dataset"
"RERG",1,"GSE244576",1.11,1.11,0,"Tier3_1dataset"
"ATP6V0A2",1,"GSE244576",1.109,1.109,0.00493,"Tier3_1dataset"
"DHX36",1,"GSE244576",1.109,1.109,0,"Tier3_1dataset"
"LSG1",1,"GSE244576",1.109,1.109,0.010607,"Tier3_1dataset"
"LRRC8A",1,"GSE244576",1.108,1.108,0.031023,"Tier3_1dataset"
"FANCC",1,"GSE244576",1.107,1.107,0.000203,"Tier3_1dataset"
"CACNA1C",1,"GSE244576",1.106,1.106,0,"Tier3_1dataset"
"GCNT2",1,"GSE244576",1.106,1.106,0,"Tier3_1dataset"
"GM28055",1,"GSE244576",1.105,1.105,0.000436,"Tier3_1dataset"
"NUP160",1,"GSE244576",1.104,1.104,0.021444,"Tier3_1dataset"
"VTI1A",1,"GSE244576",1.104,1.104,0,"Tier3_1dataset"
"ATXN3",1,"GSE244576",1.103,1.103,0.006316,"Tier3_1dataset"
"GMEB2",1,"GSE244576",1.103,1.103,0.001763,"Tier3_1dataset"
"TLK2",1,"GSE244576",1.102,1.102,0,"Tier3_1dataset"
"RIOK1",1,"GSE244576",1.101,1.101,1.9e-05,"Tier3_1dataset"
"2210408F21RIK",1,"GSE244576",1.1,1.1,0.000374,"Tier3_1dataset"
"CTIF",1,"GSE244576",1.1,1.1,0.013946,"Tier3_1dataset"
"STAU1",1,"GSE244576",1.099,1.099,3e-06,"Tier3_1dataset"
"SCAF11",1,"GSE244576",1.097,1.097,0,"Tier3_1dataset"
"SRSF6",1,"GSE244576",1.097,1.097,2e-06,"Tier3_1dataset"
"AGFG2",1,"GSE244576",1.094,1.094,0.004471,"Tier3_1dataset"
"AHDC1",1,"GSE244576",1.093,1.093,0.000851,"Tier3_1dataset"
"CS",1,"GSE244576",1.093,1.093,3.1e-05,"Tier3_1dataset"
"ARHGEF17",1,"GSE244576",1.091,1.091,0,"Tier3_1dataset"
"RNF169",1,"GSE244576",1.09,1.09,0,"Tier3_1dataset"
"ATRNL1",1,"GSE244576",1.088,1.088,0,"Tier3_1dataset"
"VPS13D",1,"GSE244576",1.088,1.088,0,"Tier3_1dataset"
"FAM172A",1,"GSE244576",1.087,1.087,0,"Tier3_1dataset"
"FOXO1",1,"GSE244576",1.084,1.084,0.009398,"Tier3_1dataset"
"LRPPRC",1,"GSE244576",1.083,1.083,0.002554,"Tier3_1dataset"
"SSR3",1,"GSE244576",1.083,1.083,0.001389,"Tier3_1dataset"
"ZFP64",1,"GSE244576",1.083,1.083,0.006684,"Tier3_1dataset"
"MAP2K5",1,"GSE244576",1.082,1.082,0,"Tier3_1dataset"
"IARS2",1,"GSE244576",1.081,1.081,0.000306,"Tier3_1dataset"
"COL1A2",1,"GSE244576",1.08,1.08,0.014683,"Tier3_1dataset"
"DPYSL2",1,"GSE227651",1.08,1.08,0,"Tier3_1dataset"
"PDE7A",1,"GSE244576",1.08,1.08,8.3e-05,"Tier3_1dataset"
"SMARCE1",1,"GSE244576",1.08,1.08,1e-05,"Tier3_1dataset"
"SNHG9",1,"GSE244576",1.08,1.08,0.004445,"Tier3_1dataset"
"SOX4",1,"GSE244576",1.08,1.08,0.015615,"Tier3_1dataset"
"TNS1",1,"GSE244576",1.079,1.079,0,"Tier3_1dataset"
"BICRA",1,"GSE244576",1.078,1.078,0,"Tier3_1dataset"
"FAM120A",1,"GSE244576",1.078,1.078,3e-06,"Tier3_1dataset"
"ATPAF1",1,"GSE244576",1.077,1.077,0.020253,"Tier3_1dataset"
"LIN52",1,"GSE244576",1.077,1.077,0,"Tier3_1dataset"
"CHMP4B",1,"GSE244576",1.075,1.075,1.3e-05,"Tier3_1dataset"
"RNF10",1,"GSE244576",1.075,1.075,4.3e-05,"Tier3_1dataset"
"HSD17B12",1,"GSE244576",1.074,1.074,7e-06,"Tier3_1dataset"
"SNRNP40",1,"GSE244576",1.073,1.073,8.3e-05,"Tier3_1dataset"
"ZCCHC4",1,"GSE244576",1.071,1.071,0.015777,"Tier3_1dataset"
"EIF1A",1,"GSE244576",1.07,1.07,0.000223,"Tier3_1dataset"
"TBCD",1,"GSE244576",1.07,1.07,2e-06,"Tier3_1dataset"
"AKT1",1,"GSE244576",1.068,1.068,0.015435,"Tier3_1dataset"
"B3GLCT",1,"GSE244576",1.068,1.068,7.9e-05,"Tier3_1dataset"
"PSMD14",1,"GSE244576",1.068,1.068,0,"Tier3_1dataset"
"CACNA2D1",1,"GSE244576",1.067,1.067,0,"Tier3_1dataset"
"ETV6",1,"GSE244576",1.067,1.067,0,"Tier3_1dataset"
"NAV2",1,"GSE244576",1.066,1.066,0,"Tier3_1dataset"
"MTF1",1,"GSE244576",1.065,1.065,0.006629,"Tier3_1dataset"
"RPAP3",1,"GSE244576",1.065,1.065,0.023926,"Tier3_1dataset"
"STAM2",1,"GSE244576",1.065,1.065,0.000671,"Tier3_1dataset"
"ELF2",1,"GSE244576",1.064,1.064,4.7e-05,"Tier3_1dataset"
"GOLGA3",1,"GSE244576",1.063,1.063,0.041813,"Tier3_1dataset"
"DNAJB12",1,"GSE244576",1.062,1.062,0.023634,"Tier3_1dataset"
"BTAF1",1,"GSE244576",1.057,1.057,0,"Tier3_1dataset"
"SNAPC3",1,"GSE244576",1.055,1.055,0,"Tier3_1dataset"
"PDLIM1",1,"GSE244576",1.052,1.052,0,"Tier3_1dataset"
"SETX",1,"GSE244576",1.051,1.051,0.000169,"Tier3_1dataset"
"CWC27",1,"GSE244576",1.049,1.049,0,"Tier3_1dataset"
"GATM",1,"GSE227651",1.049,1.049,0,"Tier3_1dataset"
"TCF7L1",1,"GSE244576",1.047,1.047,0.000413,"Tier3_1dataset"
"FNDC3B",1,"GSE244576",1.046,1.046,0,"Tier3_1dataset"
"NUS1",1,"GSE244576",1.046,1.046,0.004097,"Tier3_1dataset"
"UBA52",1,"GSE244576",1.046,1.046,0.002251,"Tier3_1dataset"
"RRAS2",1,"GSE244576",1.045,1.045,0.000289,"Tier3_1dataset"
"ARHGEF7",1,"GSE244576",1.042,1.042,0,"Tier3_1dataset"
"HIPK3",1,"GSE244576",1.042,1.042,0,"Tier3_1dataset"
"MEF2D",1,"GSE244576",1.042,1.042,0,"Tier3_1dataset"
"NEK6",1,"GSE244576",1.041,1.041,0,"Tier3_1dataset"
"RND3",1,"GSE244576",1.041,1.041,0.005407,"Tier3_1dataset"
"TBK1",1,"GSE244576",1.041,1.041,0,"Tier3_1dataset"
"DOCK1",1,"GSE244576",1.04,1.04,0,"Tier3_1dataset"
"HRCT1",1,"GSE227651",1.04,1.04,1.8e-05,"Tier3_1dataset"
"RHOQ",1,"GSE244576",1.039,1.039,0.010836,"Tier3_1dataset"
"USP54",1,"GSE244576",1.036,1.036,0.001168,"Tier3_1dataset"
"ALKBH3",1,"GSE244576",1.035,1.035,0.002533,"Tier3_1dataset"
"EXT2",1,"GSE244576",1.035,1.035,0.006476,"Tier3_1dataset"
"HAT1",1,"GSE244576",1.034,1.034,0.03981,"Tier3_1dataset"
"PSMD1",1,"GSE244576",1.034,1.034,0,"Tier3_1dataset"
"SDCBP",1,"GSE244576",1.034,1.034,0,"Tier3_1dataset"
"ADAM9",1,"GSE244576",1.033,1.033,0.000686,"Tier3_1dataset"
"ANXA3",1,"GSE244576",1.033,1.033,0.000233,"Tier3_1dataset"
"MKLN1",1,"GSE244576",1.032,1.032,0,"Tier3_1dataset"
"SREK1",1,"GSE244576",1.032,1.032,0,"Tier3_1dataset"
"CUL4A",1,"GSE244576",1.03,1.03,0.000332,"Tier3_1dataset"
"IVNS1ABP",1,"GSE244576",1.029,1.029,0.000341,"Tier3_1dataset"
"PRPF40A",1,"GSE244576",1.029,1.029,0,"Tier3_1dataset"
"ST3GAL3",1,"GSE244576",1.027,1.027,0.000386,"Tier3_1dataset"
"FECH",1,"GSE244576",1.026,1.026,0.002488,"Tier3_1dataset"
"DIAPH1",1,"GSE244576",1.025,1.025,7e-06,"Tier3_1dataset"
"PHF20",1,"GSE244576",1.024,1.024,0,"Tier3_1dataset"
"SEC31A",1,"GSE244576",1.023,1.023,0,"Tier3_1dataset"
"ARNTL2",1,"GSE244576",1.021,1.021,0.001286,"Tier3_1dataset"
"GTF2F2",1,"GSE244576",1.02,1.02,0.000139,"Tier3_1dataset"
"MINDY3",1,"GSE244576",1.02,1.02,5e-06,"Tier3_1dataset"
"RFX7",1,"GSE244576",1.02,1.02,0,"Tier3_1dataset"
"ADGRL3",1,"GSE244576",1.019,1.019,0,"Tier3_1dataset"
"JAK2",1,"GSE244576",1.018,1.018,3e-06,"Tier3_1dataset"
"LCORL",1,"GSE244576",1.018,1.018,0,"Tier3_1dataset"
"MEX3C",1,"GSE244576",1.018,1.018,0.003552,"Tier3_1dataset"
"RAPGEF1",1,"GSE244576",1.018,1.018,0.000224,"Tier3_1dataset"
"RBL2",1,"GSE244576",1.017,1.017,0.007135,"Tier3_1dataset"
"GM49961",1,"GSE244576",1.015,1.015,0.014302,"Tier3_1dataset"
"ELK4",1,"GSE244576",1.013,1.013,1.6e-05,"Tier3_1dataset"
"SLC44A1",1,"GSE244576",1.012,1.012,0.000116,"Tier3_1dataset"
"BCLAF1",1,"GSE244576",1.011,1.011,0,"Tier3_1dataset"
"AP4E1",1,"GSE244576",1.01,1.01,0.000476,"Tier3_1dataset"
"RELL1",1,"GSE244576",1.009,1.009,7.6e-05,"Tier3_1dataset"
"UNK",1,"GSE244576",1.009,1.009,0.015059,"Tier3_1dataset"
"GTDC1",1,"GSE244576",1.008,1.008,0,"Tier3_1dataset"
"NSD2",1,"GSE244576",1.008,1.008,0,"Tier3_1dataset"
"PAIP1",1,"GSE244576",1.008,1.008,0.002747,"Tier3_1dataset"
"KAZN",1,"GSE244576",1.007,1.007,0.028063,"Tier3_1dataset"
"LNPEP",1,"GSE244576",1.004,1.004,0,"Tier3_1dataset"
"PPP4R1",1,"GSE244576",1.004,1.004,0,"Tier3_1dataset"
"HEYL",1,"GSE244576",1.002,1.002,0.000874,"Tier3_1dataset"
"ARHGAP23",1,"GSE244576",1.001,1.001,2.6e-05,"Tier3_1dataset"
"RLF",1,"GSE244576",1.001,1.001,0,"Tier3_1dataset"
"MIRG",1,"GSE244576",1,1,0.026555,"Tier3_1dataset"
"RGS16",1,"GSE250597",0.945,0.945,6e-06,"Tier3_1dataset"
"SLC16A12",1,"GSE227651",0.925,0.925,8.7e-05,"Tier3_1dataset"
"YWHAZ",1,"GSE227651",0.913,0.913,0,"Tier3_1dataset"
"SLC12A2",1,"GSE227651",0.902,0.902,0,"Tier3_1dataset"
"CP",1,"GSE227651",0.843,0.843,0,"Tier3_1dataset"
"ZIC1",1,"GSE227651",0.8,0.8,0,"Tier3_1dataset"
"ZFP36L1",1,"GSE227651",0.792,0.792,1e-06,"Tier3_1dataset"
"FOXC1",1,"GSE227651",0.727,0.727,0.007643,"Tier3_1dataset"
"RPS26",1,"GSE227651",0.724,0.724,0.006388,"Tier3_1dataset"
"DRAP1",1,"GSE227651",0.717,0.717,0,"Tier3_1dataset"
"HEXB",1,"GSE250597",0.713,0.713,0,"Tier3_1dataset"
"LRRC58",1,"GSE227651",0.712,0.712,0.023141,"Tier3_1dataset"
"TMSB4X",1,"GSE310324",0.684,0.684,0.001406,"Tier3_1dataset"
"IRF2BP2",1,"GSE227651",0.682,0.682,0.015606,"Tier3_1dataset"
"PLA1A",1,"GSE227651",0.68,0.68,0.014023,"Tier3_1dataset"
"CAMK1D",1,"GSE250597",0.663,0.663,0,"Tier3_1dataset"
"PFN1",1,"GSE227651",0.662,0.662,1.7e-05,"Tier3_1dataset"
"HNRNPA2B1",1,"GSE227651",0.651,0.651,0.005271,"Tier3_1dataset"
"GM20594",1,"GSE250597",0.642,0.642,0,"Tier3_1dataset"
"RAPGEF5",1,"GSE227651",0.639,0.639,0.010921,"Tier3_1dataset"
"PRKAR1A",1,"GSE227651",0.628,0.628,1e-06,"Tier3_1dataset"
"PTEN",1,"GSE227651",0.619,0.619,3e-06,"Tier3_1dataset"
"HNRNPK",1,"GSE227651",0.618,0.618,0.000431,"Tier3_1dataset"
"IFITM1",1,"GSE227651",0.61,0.61,3.1e-05,"Tier3_1dataset"
"XAF1",1,"GSE250597",0.604,0.604,2.2e-05,"Tier3_1dataset"
"SERPING1",1,"GSE250597",0.593,0.593,2.3e-05,"Tier3_1dataset"
"LARS2",1,"GSE250597",0.578,0.578,0,"Tier3_1dataset"
"CAR4",1,"GSE227651",0.576,0.576,0.000687,"Tier3_1dataset"
"SERINC3",1,"GSE227651",0.57,0.57,0,"Tier3_1dataset"
"ATP13A5",1,"GSE227651",0.568,0.568,0,"Tier3_1dataset"
"ACTB",1,"GSE227651",0.565,0.565,0,"Tier3_1dataset"
"TAGLN2",1,"GSE227651",0.563,0.563,0,"Tier3_1dataset"
"ABCC9",1,"GSE227651",0.551,0.551,0,"Tier3_1dataset"
"MEG3",1,"GSE250597",0.548,0.548,0,"Tier3_1dataset"
"ATP5E",1,"GSE227651",0.543,0.543,0.042307,"Tier3_1dataset"
"SLC6A20A",1,"GSE227651",0.543,0.543,2.9e-05,"Tier3_1dataset"
"H2-T23",1,"GSE250597",0.532,0.532,0.006383,"Tier3_1dataset"
"CD9",1,"GSE250597",0.528,0.528,5e-06,"Tier3_1dataset"
"LHFP",1,"GSE227651",0.525,0.525,0.03386,"Tier3_1dataset"
"ARNTL",1,"GSE250597",0.51,0.51,1e-04,"Tier3_1dataset"
"RHOA",1,"GSE227651",0.506,0.506,0.002572,"Tier3_1dataset"
"PTN",1,"GSE227651",0.504,0.504,0,"Tier3_1dataset"
"LGALS3BP",1,"GSE250597",0.501,0.501,3e-06,"Tier3_1dataset"
